T01,Chennai Super Kings,CSK,Chennai,M. A. Chidambaram Stadium
T02,Mumbai Indians,MI,Mumbai,Wankhede Stadium
T03,Royal Challengers Bengaluru,RCB,Bengaluru,M. Chinnaswamy Stadium
T04,Kolkata Knight Riders,KKR,Kolkata,Eden Gardens
T05,Gujarat Titans,GT,Ahmedabad,Narendra Modi Stadium
T06,Rajasthan Royals,RR,Jaipur,Sawai Mansingh Stadium
T07,Delhi Capitals,DC,Delhi,Arun Jaitley Stadium
T08,Sunrisers Hyderabad,SRH,Hyderabad,Rajiv Gandhi Intl Stadium
T09,Lucknow Super Giants,LSG,Lucknow,Ekana Cricket Stadium
T10,Punjab Kings,PBKS,Mohali,IS Bindra Stadium
