StatID,MatchID,PlayerID,TeamID,RunsScored,BallsFaced,Fours,Sixes,WicketsTaken,OversBowled,RunsConceded
S001,M001,P017,T05,63,36,6,3,0,0.0,0
S002,M001,P018,T05,10,3,1,1,2,4.0,26
S003,M001,P019,T05,31,16,2,2,0,0.0,0
S004,M001,P020,T05,0,0,0,0,2,4.0,29
S005,M001,P001,T01,14,7,1,1,0,0.0,0
S006,M001,P002,T01,92,50,4,9,0,0.0,0
S007,M001,P003,T01,1,2,0,0,1,4.0,28
S008,M001,P004,T01,19,18,0,1,0,0.0,0
S009,M002,P037,T10,40,29,6,0,0,0.0,0
S010,M002,P038,T10,26,17,1,2,1,3.0,27
S011,M002,P039,T10,0,0,0,0,3,3.0,19
S012,M002,P040,T10,0,0,0,0,0,0.0,0
S013,M002,P013,T04,0,0,0,0,0,0.0,0
S014,M002,P014,T04,35,19,3,2,1,1.0,18
S015,M002,P015,T04,7,2,0,1,1,4.0,40
S016,M002,P016,T04,4,4,0,0,0,0.0,0
S017,M003,P009,T03,82,49,6,5,0,0.0,0
S018,M003,P010,T03,73,43,5,6,0,0.0,0
S019,M003,P011,T03,12,3,0,2,0,0.0,0
S020,M003,P012,T03,0,0,0,0,1,4.0,21
S021,M003,P005,T02,1,10,0,0,0,0.0,0
S022,M003,P006,T02,15,11,1,0,0,0.0,0
S023,M003,P007,T02,15,16,1,0,0,0.0,0
S024,M003,P008,T02,0,0,0,0,0,0.0,0
S025,M004,P001,T01,12,3,0,2,0,0.0,0
S026,M004,P002,T01,57,31,3,4,0,0.0,0
S027,M004,P003,T01,3,2,0,0,1,2.0,14
S028,M004,P004,T01,27,16,1,3,0,0.0,0
S029,M004,P033,T09,20,18,2,0,0,0.0,0
S030,M004,P034,T09,32,18,2,3,0,0.0,0
S031,M004,P035,T09,21,18,1,1,0,0.0,0
S032,M004,P036,T09,0,0,0,0,3,4.0,28
S033,M005,P005,T02,21,13,3,1,0,0.0,0
S034,M005,P006,T02,5,8,1,0,0,0.0,0
S035,M005,P007,T02,1,2,0,0,0,0.0,0
S036,M005,P008,T02,0,0,0,0,0,0.0,0
S037,M005,P001,T01,0,0,0,0,0,0.0,0
S038,M005,P002,T01,40,36,2,1,0,0.0,0
S039,M005,P003,T01,0,0,0,0,3,4.0,20
S040,M005,P004,T01,28,26,2,1,0,0.0,0
S041,M006,P017,T05,39,31,3,0,0,0.0,0
S042,M006,P018,T05,0,0,0,0,3,4.0,35
S043,M006,P019,T05,46,18,2,4,0,0.0,0
S044,M006,P020,T05,0,0,0,0,1,4.0,43
S045,M006,P013,T04,0,0,0,0,0,0.0,0
S046,M006,P014,T04,1,2,0,0,0,1.0,15
S047,M006,P015,T04,7,2,0,1,3,4.0,33
S048,M006,P016,T04,48,21,1,6,0,0.0,0
S049,M007,P009,T03,61,44,4,4,0,0.0,0
S050,M007,P010,T03,79,46,5,5,0,0.0,0
S051,M007,P011,T03,59,29,3,6,0,1.0,12
S052,M007,P012,T03,0,0,0,0,3,4.0,22
S053,M007,P033,T09,18,20,1,0,0,0.0,0
S054,M007,P034,T09,62,19,4,7,0,0.0,0
S055,M007,P035,T09,65,30,6,5,1,2.0,27
S056,M007,P036,T09,0,0,0,0,0,0.0,0
S057,M008,P013,T04,0,0,0,0,0,0.0,0
S058,M008,P014,T04,3,6,0,0,3,2.1,22
S059,M008,P015,T04,0,1,0,0,0,4.0,28
S060,M008,P016,T04,58,31,4,4,0,0.0,0
S061,M008,P029,T08,0,0,0,0,0,0.0,0
S062,M008,P030,T08,0,0,0,0,0,0.0,0
S063,M008,P031,T08,16,6,2,1,0,0.0,0
S064,M008,P032,T08,0,0,0,0,1,4.0,33
S065,M018,P029,T08,0,0,0,0,2,4.0,43
S066,M018,P030,T08,62,24,9,3,0,0.0,0
S067,M018,P031,T08,80,34,4,7,0,0.0,0
S068,M018,P032,T08,0,0,0,0,0,4.0,46
S069,M018,P005,T02,43,12,3,4,0,0.0,0
S070,M018,P006,T02,24,20,1,1,1,4.0,46
S071,M018,P007,T02,0,0,0,0,0,0.0,0
S072,M018,P008,T02,0,0,0,0,0,4.0,36
S073,M023,P009,T03,42,20,6,2,0,0.0,0
S074,M023,P010,T03,62,28,7,4,0,0.0,0
S075,M023,P011,T03,0,0,0,0,0,0.0,0
S076,M023,P012,T03,0,0,0,0,0,4.0,56
S077,M023,P029,T08,0,0,0,0,3,4.0,43
S078,M023,P030,T08,102,41,9,8,0,0.0,0
S079,M023,P031,T08,67,31,2,7,0,0.0,0
S080,M023,P032,T08,0,0,0,0,0,4.0,60
