PostID,Username,PostType,Caption,PostDate,Likes,Comments,Shares
P001,@virat.kohli,Reel,Match day ready! 🏏,2024-03-01,1250000,45000,32000
P002,@aliaabhatt,Photo,Sun-kissed mornings ☀️,2024-03-02,850000,12000,15000
P003,@techburner,Video,Testing the wildest gadgets!,2024-03-03,420000,18000,21000
P004,@virat.kohli,Photo,Training session grind 💪,2024-03-05,980000,28000,19000
P005,@ranveersingh,Photo,Retro vibes only 🕶️,2024-03-06,620000,14000,9800
P006,@aliaabhatt,Reel,Behind the scenes moments ✨,2024-03-07,910000,16500,23000
P007,@techburner,Reel,Top 3 budget smartphones 🔥,2024-03-08,530000,22000,35000
P008,@virat.kohli,Photo,Family time ❤️,2024-03-10,1450000,52000,41000
P009,@ranveersingh,Reel,Energy overload on set ⚡,2024-03-11,740000,19000,14000
P010,@aliaabhatt,Photo,Weekend coffee & book ☕📖,2024-03-12,680000,8900,7200
P011,@techburner,Photo,New studio setup tour coming soon,2024-03-14,310000,9500,6100
P012,@virat.kohli,Reel,Century celebration moments 🙌,2024-03-15,1680000,64000,58000
