Date,Month_Name,Year,Premium_Subscriptions,Previous_Month_Subscriptions,Target_Subscriptions
2023-01-01,Jan 2023,2023,195000,190000,192000
2023-02-01,Feb 2023,2023,198500,195000,197000
2023-03-01,Mar 2023,2023,204000,198500,202000
2023-04-01,Apr 2023,2023,201500,204000,205000
2023-05-01,May 2023,2023,209000,201500,207000
2023-06-01,Jun 2023,2023,215000,209000,212000
2023-07-01,Jul 2023,2023,213000,215000,218000
2023-08-01,Aug 2023,2023,222000,213000,220000
2023-09-01,Sep 2023,2023,228500,222000,226000
2023-10-01,Oct 2023,2023,235000,228500,232000
2023-11-01,Nov 2023,2023,241000,235000,239000
2023-12-01,Dec 2023,2023,250000,241000,246000
2024-01-01,Jan 2024,2024,258000,250000,255000
2024-02-01,Feb 2024,2024,264500,258000,262000
2024-03-01,Mar 2024,2024,273000,264500,270000
