Movie_Name,Genre,Box_Office_Collection_Crores,Release_Month,Industry
Jawan,Action,1148,September,Bollywood
Pathaan,Action,1050,January,Bollywood
Animal,Action,917,December,Bollywood
Gadar 2,Action,691,August,Bollywood
Leo,Action,620,October,Kollywood
Jailer,Action,650,August,Kollywood
Salaar: Part 1 - Ceasefire,Action,715,December,Tollywood
Tiger 3,Action,466,November,Bollywood
Oppenheimer,Drama,960,July,Hollywood
12th Fail,Drama,66,October,Bollywood
The Kerala Story,Drama,303,May,Bollywood
Killers of the Flower Moon,Drama,156,October,Hollywood
Sir,Drama,118,February,Tollywood
Dream Girl 2,Comedy,140,August,Bollywood
Fukrey 3,Comedy,128,September,Bollywood
Carry on Jatta 3,Comedy,102,June,Pollywood
Madgaon Express,Comedy,45,March,Bollywood
Rocky Aur Rani Kii Prem Kahaani,Romance,355,July,Bollywood
Tu Jhoothi Main Makkaar,Romance,220,March,Bollywood
Satyaprem Ki Katha,Romance,125,June,Bollywood
Past Lives,Romance,42,June,Hollywood
Barbie,Fantasy/Comedy,1440,July,Hollywood
Wonka,Fantasy/Comedy,630,December,Hollywood
Spider-Man: Across the Spider-Verse,Animation,690,June,Hollywood
The Super Mario Bros. Movie,Animation,1360,April,Hollywood
Wish,Animation,254,November,Hollywood
Mission: Impossible - Dead Reckoning,Thriller,567,July,Hollywood
John Wick: Chapter 4,Thriller,440,March,Hollywood
Sam Bahadur,Biography/Drama,130,December,Bollywood
OMG 2,Social Comedy,221,August,Bollywood
