Month,App,Orders,Revenue_INR_Lakhs
January,Zomato,450000,1350
January,Swiggy,380000,1140
January,Uber Eats,120000,360
February,Zomato,480000,1440
February,Swiggy,410000,1230
February,Uber Eats,130000,390
March,Zomato,530000,1590
March,Swiggy,460000,1380
March,Uber Eats,145000,435
April,Zomato,510000,1530
April,Swiggy,440000,1320
April,Uber Eats,135000,405
May,Zomato,590000,1770
May,Swiggy,520000,1560
May,Uber Eats,160000,480
June,Zomato,650000,1950
June,Swiggy,580000,1740
June,Uber Eats,175000,525
