App_Name,Category,Daily_Active_Users_Millions,Avg_Session_Duration_Minutes,Monthly_Downloads_Millions
WhatsApp,Communication & Messaging,480,38.0,18.5
Instagram,Social Media & Entertainment,360,52.0,24.0
YouTube,Video & Streaming,450,46.0,12.0
PhonePe,Fintech & Payments,165,3.5,14.0
Flipkart,E-Commerce,45,12.5,9.5
Zomato,Food Delivery,28,8.5,6.2
Swiggy,Food Delivery,24,8.0,5.8
LinkedIn,Professional Networking,18,11.0,3.1
JioCinema,OTT & Entertainment,55,42.0,15.0
BookMyShow,Ticketing & Entertainment,6,5.2,1.8
